Home,Início
Search,Buscar
"My Account","Minha Conta"
"Sign In",Entrar
Register,Cadastrar
"My Wish List","Minha Lista de Desejos"
Compare,Comparar
"Back to Top","Voltar ao Topo"
Newsletter,Newsletter
Subscribe,Assinar
"Enter your email address","Digite seu e-mail"
"Contact Us","Fale Conosco"
"Customer Service","Atendimento ao Cliente"
"About Us","Sobre Nós"
"Privacy Policy","Política de Privacidade"
"Terms and Conditions","Termos e Condições"
"Add to Cart","Adicionar ao Carrinho"
"View All","Ver Todos"
"Shop Now","Comprar Agora"
"Quick View","Visualização Rápida"
Loading...,Carregando...
